ticker,name,sector,current_price,trailing_pe,price_to_book,market_cap,52_week_high,52_week_low,fetched_at
BAJAJHFL.NS,Bajaj Housing Finance,lender,81.26,25.157896,3.0048442,676787060736.0,113.45,72.65,2026-09-29T16:35:51.479273+00:00
HUDCO.NS,HUDCO,lender,165.57,7.795198,1.5078549,331454611456.0,246.85,159.0,2026-09-29T16:35:51.479273+00:00
IDFCFIRSTB.NS,IDFC First Bank,bank,79.46,30.679537,1.4059237,685169704960.0,89.61,58.08,2026-09-29T16:35:51.479273+00:00
LICHSGFIN.NS,LIC Housing Finance,lender,548.5,5.2583647,0.7283616,301709557760.0,598.2,458.9,2026-09-29T16:35:51.479273+00:00
PNBHOUSING.NS,PNB Housing Finance,lender,1098.2,12.382455,1.4888061,286414864384.0,1211.5,729.6,2026-09-29T16:35:51.479273+00:00
CANFINHOME.NS,Can Fin Homes,lender,731.7,8.626503,1.6291353,97429217280.0,971.5,730.0,2026-09-29T16:35:51.479273+00:00
PFC.NS,Power Finance Corporation,lender,324.1,4.10565,0.7483053,1069562986496.0,486.5,320.8,2026-09-29T16:35:51.479273+00:00
RECLTD.NS,REC Limited,lender,292.45,4.8124075,0.9144864,,390.3,292.2,2026-09-29T16:35:51.479273+00:00
IRFC.NS,Indian Railway Finance Corp,lender,80.26,14.619308,1.8466282,1048878317568.0,137.17,77.07,2026-09-29T16:35:51.479273+00:00
IREDA.NS,IREDA,lender,111.0,15.789474,2.2619824,311824678912.0,158.7,107.4,2026-09-29T16:35:51.479273+00:00
BEL.NS,Bharat Electronics,industrial,387.75,46.160717,11.815522,2834366726144.0,473.45,380.45,2026-09-29T16:35:51.479273+00:00
BPCL.NS,Bharat Petroleum,energy,299.35,7.4632263,1.2772375,1278998347776.0,391.65,266.6,2026-09-29T16:35:51.479273+00:00
HINDPETRO.NS,Hindustan Petroleum,energy,349.2,44.540817,1.1336154,743035633664.0,508.45,316.2,2026-09-29T16:35:51.479273+00:00
NHPC.NS,NHPC,power,73.32,26.857143,1.7818173,736501956608.0,88.12,71.62,2026-09-29T16:35:51.479273+00:00
SJVN.NS,SJVN,power,59.83,33.99432,1.6524429,235119640576.0,92.16,59.42,2026-09-29T16:35:51.479273+00:00
LEMONTREE.NS,Lemon Tree Hotels,hospitality,104.17,35.074074,5.926158,82486763520.0,174.2,99.61,2026-09-29T16:35:51.479273+00:00
SUZLON.NS,Suzlon Energy,industrial,39.5,17.248909,5.5532126,542983684096.0,61.5,38.19,2026-09-29T16:35:51.479273+00:00
COALINDIA.NS,Coal India,mining,425.0,8.481341,2.1988826,2619159609344.0,491.25,369.6,2026-09-29T16:35:51.479273+00:00
